id,donor_id,seq_type,bam
PD63121_pta0001_dnahyb_run51611,PD63121,dnahyb,PD63121_pta0001_dnahyb_run51611.bam
PD63121_pta0002_dnahyb_run51611,PD63121,dnahyb,PD63121_pta0002_dnahyb_run51611.bam
PD63121_pta0003_dnahyb_run51611,PD63121,dnahyb,PD63121_pta0003_dnahyb_run51611.bam
PD63121_pta0004_dnahyb_run51611,PD63121,dnahyb,PD63121_pta0004_dnahyb_run51611.bam
PD63121_pta0005_dnahyb_run51611,PD63121,dnahyb,PD63121_pta0005_dnahyb_run51611.bam
PD63121_pta0006_dnahyb_run51611,PD63121,dnahyb,PD63121_pta0006_dnahyb_run51611.bam
PD63121_pta0008_dnahyb_run51611,PD63121,dnahyb,PD63121_pta0008_dnahyb_run51611.bam
PD63121_pta0010_dnahyb_run51611,PD63121,dnahyb,PD63121_pta0010_dnahyb_run51611.bam
PD63121_pta0012_dnahyb_run51611,PD63121,dnahyb,PD63121_pta0012_dnahyb_run51611.bam
PD63121_pta0013_dnahyb_run51611,PD63121,dnahyb,PD63121_pta0013_dnahyb_run51611.bam
PD63121_pta0014_dnahyb_run51611,PD63121,dnahyb,PD63121_pta0014_dnahyb_run51611.bam
PD63121_pta0016_dnahyb_run51611,PD63121,dnahyb,PD63121_pta0016_dnahyb_run51611.bam
PD63121_pta0017_dnahyb_run51611,PD63121,dnahyb,PD63121_pta0017_dnahyb_run51611.bam
PD63121_pta0019_dnahyb_run51611,PD63121,dnahyb,PD63121_pta0019_dnahyb_run51611.bam
PD63121_pta0020_dnahyb_run51611,PD63121,dnahyb,PD63121_pta0020_dnahyb_run51611.bam
PD63121_pta0021_dnahyb_run51611,PD63121,dnahyb,PD63121_pta0021_dnahyb_run51611.bam
PD63121_pta0022_dnahyb_run51611,PD63121,dnahyb,PD63121_pta0022_dnahyb_run51611.bam
PD63121_pta0024_dnahyb_run51611,PD63121,dnahyb,PD63121_pta0024_dnahyb_run51611.bam
PD63121_pta0025_dnahyb_run51611,PD63121,dnahyb,PD63121_pta0025_dnahyb_run51611.bam
PD63121_pta0026_dnahyb_run51611,PD63121,dnahyb,PD63121_pta0026_dnahyb_run51611.bam
PD63121_pta0027_dnahyb_run51611,PD63121,dnahyb,PD63121_pta0027_dnahyb_run51611.bam
PD63121_pta0028_dnahyb_run51611,PD63121,dnahyb,PD63121_pta0028_dnahyb_run51611.bam
PD63121_pta0031_dnahyb_run51611,PD63121,dnahyb,PD63121_pta0031_dnahyb_run51611.bam
PD63121_pta0034_dnahyb_run51611,PD63121,dnahyb,PD63121_pta0034_dnahyb_run51611.bam
PD63121_pta0035_dnahyb_run51611,PD63121,dnahyb,PD63121_pta0035_dnahyb_run51611.bam
PD63121_pta0036_dnahyb_run51611,PD63121,dnahyb,PD63121_pta0036_dnahyb_run51611.bam
PD63121_pta0039_dnahyb_run51611,PD63121,dnahyb,PD63121_pta0039_dnahyb_run51611.bam
PD63121_pta0042_dnahyb_run51611,PD63121,dnahyb,PD63121_pta0042_dnahyb_run51611.bam
PD63121_pta0044_dnahyb_run51611,PD63121,dnahyb,PD63121_pta0044_dnahyb_run51611.bam
PD63121_pta0048_dnahyb_run51611,PD63121,dnahyb,PD63121_pta0048_dnahyb_run51611.bam
PD63121_pta0050_dnahyb_run51611,PD63121,dnahyb,PD63121_pta0050_dnahyb_run51611.bam
PD63121_pta0052_dnahyb_run51611,PD63121,dnahyb,PD63121_pta0052_dnahyb_run51611.bam
PD63121_pta0054_dnahyb_run51611,PD63121,dnahyb,PD63121_pta0054_dnahyb_run51611.bam
PD63121_pta0056_dnahyb_run51611,PD63121,dnahyb,PD63121_pta0056_dnahyb_run51611.bam
PD63121_pta0057_dnahyb_run51611,PD63121,dnahyb,PD63121_pta0057_dnahyb_run51611.bam
PD63121_pta0060_dnahyb_run51611,PD63121,dnahyb,PD63121_pta0060_dnahyb_run51611.bam
PD63121_pta0061_dnahyb_run51611,PD63121,dnahyb,PD63121_pta0061_dnahyb_run51611.bam
PD63121_pta0063_dnahyb_run51611,PD63121,dnahyb,PD63121_pta0063_dnahyb_run51611.bam
PD63121_pta0065_dnahyb_run51611,PD63121,dnahyb,PD63121_pta0065_dnahyb_run51611.bam
PD63121_pta0070_dnahyb_run51611,PD63121,dnahyb,PD63121_pta0070_dnahyb_run51611.bam
PD63121_pta0073_dnahyb_run51611,PD63121,dnahyb,PD63121_pta0073_dnahyb_run51611.bam
PD63121_pta0077_dnahyb_run51611,PD63121,dnahyb,PD63121_pta0077_dnahyb_run51611.bam
PD63121_pta0078_dnahyb_run51611,PD63121,dnahyb,PD63121_pta0078_dnahyb_run51611.bam
PD63121_pta0080_dnahyb_run51611,PD63121,dnahyb,PD63121_pta0080_dnahyb_run51611.bam
PD63121_pta0082_dnahyb_run51611,PD63121,dnahyb,PD63121_pta0082_dnahyb_run51611.bam
PD63121_pta0083_dnahyb_run51611,PD63121,dnahyb,PD63121_pta0083_dnahyb_run51611.bam
PD63121_pta0084_dnahyb_run51611,PD63121,dnahyb,PD63121_pta0084_dnahyb_run51611.bam
PD63121_pta0086_dnahyb_run51611,PD63121,dnahyb,PD63121_pta0086_dnahyb_run51611.bam
PD63121_pta0087_dnahyb_run51611,PD63121,dnahyb,PD63121_pta0087_dnahyb_run51611.bam
PD63121_pta0089_dnahyb_run51611,PD63121,dnahyb,PD63121_pta0089_dnahyb_run51611.bam
PD63121_pta0090_dnahyb_run51611,PD63121,dnahyb,PD63121_pta0090_dnahyb_run51611.bam
PD63121_pta0091_dnahyb_run51611,PD63121,dnahyb,PD63121_pta0091_dnahyb_run51611.bam
PD63121_pta0093_dnahyb_run51611,PD63121,dnahyb,PD63121_pta0093_dnahyb_run51611.bam
PD63121_pta0095_dnahyb_run51611,PD63121,dnahyb,PD63121_pta0095_dnahyb_run51611.bam
PD63121_pta0096_dnahyb_run51611,PD63121,dnahyb,PD63121_pta0096_dnahyb_run51611.bam
PD63121_pta0097_dnahyb_run51611,PD63121,dnahyb,PD63121_pta0097_dnahyb_run51611.bam
PD63121_pta0098_dnahyb_run51611,PD63121,dnahyb,PD63121_pta0098_dnahyb_run51611.bam
PD63121_pta0101_dnahyb_run51611,PD63121,dnahyb,PD63121_pta0101_dnahyb_run51611.bam
PD63121_pta0102_dnahyb_run51611,PD63121,dnahyb,PD63121_pta0102_dnahyb_run51611.bam
PD63121_pta0103_dnahyb_run51611,PD63121,dnahyb,PD63121_pta0103_dnahyb_run51611.bam
PD63121_pta0105_dnahyb_run51611,PD63121,dnahyb,PD63121_pta0105_dnahyb_run51611.bam
PD63121_pta0106_dnahyb_run51611,PD63121,dnahyb,PD63121_pta0106_dnahyb_run51611.bam
PD63121_pta0107_dnahyb_run51611,PD63121,dnahyb,PD63121_pta0107_dnahyb_run51611.bam
PD63121_pta0108_dnahyb_run51611,PD63121,dnahyb,PD63121_pta0108_dnahyb_run51611.bam
PD63121_pta0110_dnahyb_run51611,PD63121,dnahyb,PD63121_pta0110_dnahyb_run51611.bam
PD63121_pta0111_dnahyb_run51611,PD63121,dnahyb,PD63121_pta0111_dnahyb_run51611.bam
PD63121_pta0113_dnahyb_run51611,PD63121,dnahyb,PD63121_pta0113_dnahyb_run51611.bam
PD63121_pta0114_dnahyb_run51611,PD63121,dnahyb,PD63121_pta0114_dnahyb_run51611.bam
PD63121_pta0116_dnahyb_run51611,PD63121,dnahyb,PD63121_pta0116_dnahyb_run51611.bam
PD63121_pta0117_dnahyb_run51611,PD63121,dnahyb,PD63121_pta0117_dnahyb_run51611.bam
PD63121_pta0119_dnahyb_run51611,PD63121,dnahyb,PD63121_pta0119_dnahyb_run51611.bam
PD63121_pta0123_dnahyb_run51611,PD63121,dnahyb,PD63121_pta0123_dnahyb_run51611.bam
PD63121_pta0125_dnahyb_run51611,PD63121,dnahyb,PD63121_pta0125_dnahyb_run51611.bam
PD63121_pta0128_dnahyb_run51611,PD63121,dnahyb,PD63121_pta0128_dnahyb_run51611.bam
PD63126_pta0003_dnahyb_run51611,PD63126,dnahyb,PD63126_pta0003_dnahyb_run51611.bam
PD63126_pta0008_dnahyb_run51611,PD63126,dnahyb,PD63126_pta0008_dnahyb_run51611.bam
PD63126_pta0010_dnahyb_run51611,PD63126,dnahyb,PD63126_pta0010_dnahyb_run51611.bam
PD63126_pta0011_dnahyb_run51611,PD63126,dnahyb,PD63126_pta0011_dnahyb_run51611.bam
PD63126_pta0021_dnahyb_run51611,PD63126,dnahyb,PD63126_pta0021_dnahyb_run51611.bam
PD63126_pta0022_dnahyb_run51611,PD63126,dnahyb,PD63126_pta0022_dnahyb_run51611.bam
PD63126_pta0027_dnahyb_run51611,PD63126,dnahyb,PD63126_pta0027_dnahyb_run51611.bam
PD63126_pta0029_dnahyb_run51611,PD63126,dnahyb,PD63126_pta0029_dnahyb_run51611.bam
PD63126_pta0038_dnahyb_run51611,PD63126,dnahyb,PD63126_pta0038_dnahyb_run51611.bam
PD63126_pta0042_dnahyb_run51611,PD63126,dnahyb,PD63126_pta0042_dnahyb_run51611.bam
PD63126_pta0055_dnahyb_run51611,PD63126,dnahyb,PD63126_pta0055_dnahyb_run51611.bam
PD63126_pta0056_dnahyb_run51611,PD63126,dnahyb,PD63126_pta0056_dnahyb_run51611.bam
PD63126_pta0060_dnahyb_run51611,PD63126,dnahyb,PD63126_pta0060_dnahyb_run51611.bam
PD63126_pta0063_dnahyb_run51611,PD63126,dnahyb,PD63126_pta0063_dnahyb_run51611.bam
PD63126_pta0068_dnahyb_run51611,PD63126,dnahyb,PD63126_pta0068_dnahyb_run51611.bam
PD63126_pta0070_dnahyb_run51611,PD63126,dnahyb,PD63126_pta0070_dnahyb_run51611.bam
PD63126_pta0071_dnahyb_run51611,PD63126,dnahyb,PD63126_pta0071_dnahyb_run51611.bam
PD63126_pta0074_dnahyb_run51611,PD63126,dnahyb,PD63126_pta0074_dnahyb_run51611.bam
PD63126_pta0078_dnahyb_run51611,PD63126,dnahyb,PD63126_pta0078_dnahyb_run51611.bam
PD63126_pta0083_dnahyb_run51611,PD63126,dnahyb,PD63126_pta0083_dnahyb_run51611.bam
PD63126_pta0085_dnahyb_run51611,PD63126,dnahyb,PD63126_pta0085_dnahyb_run51611.bam
PD63126_pta0088_dnahyb_run51611,PD63126,dnahyb,PD63126_pta0088_dnahyb_run51611.bam
PD63126_pta0098_dnahyb_run51611,PD63126,dnahyb,PD63126_pta0098_dnahyb_run51611.bam
PD63126_pta0102_dnahyb_run51611,PD63126,dnahyb,PD63126_pta0102_dnahyb_run51611.bam
PD63126_pta0105_dnahyb_run51611,PD63126,dnahyb,PD63126_pta0105_dnahyb_run51611.bam
PD63126_pta0109_dnahyb_run51611,PD63126,dnahyb,PD63126_pta0109_dnahyb_run51611.bam
PD63126_pta0117_dnahyb_run51611,PD63126,dnahyb,PD63126_pta0117_dnahyb_run51611.bam
PD63126_pta0121_dnahyb_run51611,PD63126,dnahyb,PD63126_pta0121_dnahyb_run51611.bam
PD63126_pta0122_dnahyb_run51611,PD63126,dnahyb,PD63126_pta0122_dnahyb_run51611.bam
PD63126_pta0124_dnahyb_run51611,PD63126,dnahyb,PD63126_pta0124_dnahyb_run51611.bam
PD63126_pta0126_dnahyb_run51611,PD63126,dnahyb,PD63126_pta0126_dnahyb_run51611.bam
PD63126_pta0127_dnahyb_run51611,PD63126,dnahyb,PD63126_pta0127_dnahyb_run51611.bam
PD66718_pta0097_dnahyb_run51611,PD66718,dnahyb,PD66718_pta0097_dnahyb_run51611.bam
PD66718_pta0098_dnahyb_run51611,PD66718,dnahyb,PD66718_pta0098_dnahyb_run51611.bam
PD66718_pta0099_dnahyb_run51611,PD66718,dnahyb,PD66718_pta0099_dnahyb_run51611.bam
PD66718_pta0100_dnahyb_run51611,PD66718,dnahyb,PD66718_pta0100_dnahyb_run51611.bam
PD66718_pta0102_dnahyb_run51611,PD66718,dnahyb,PD66718_pta0102_dnahyb_run51611.bam
PD66718_pta0104_dnahyb_run51611,PD66718,dnahyb,PD66718_pta0104_dnahyb_run51611.bam
PD66718_pta0105_dnahyb_run51611,PD66718,dnahyb,PD66718_pta0105_dnahyb_run51611.bam
PD66718_pta0107_dnahyb_run51611,PD66718,dnahyb,PD66718_pta0107_dnahyb_run51611.bam
PD66718_pta0109_dnahyb_run51611,PD66718,dnahyb,PD66718_pta0109_dnahyb_run51611.bam
PD66718_pta0110_dnahyb_run51611,PD66718,dnahyb,PD66718_pta0110_dnahyb_run51611.bam
PD66718_pta0111_dnahyb_run51611,PD66718,dnahyb,PD66718_pta0111_dnahyb_run51611.bam
PD66718_pta0112_dnahyb_run51611,PD66718,dnahyb,PD66718_pta0112_dnahyb_run51611.bam
PD66718_pta0113_dnahyb_run51611,PD66718,dnahyb,PD66718_pta0113_dnahyb_run51611.bam
PD66718_pta0114_dnahyb_run51611,PD66718,dnahyb,PD66718_pta0114_dnahyb_run51611.bam
PD66718_pta0116_dnahyb_run51611,PD66718,dnahyb,PD66718_pta0116_dnahyb_run51611.bam
PD66718_pta0117_dnahyb_run51611,PD66718,dnahyb,PD66718_pta0117_dnahyb_run51611.bam
PD66718_pta0118_dnahyb_run51611,PD66718,dnahyb,PD66718_pta0118_dnahyb_run51611.bam
PD66718_pta0119_dnahyb_run51611,PD66718,dnahyb,PD66718_pta0119_dnahyb_run51611.bam
PD66718_pta0120_dnahyb_run51611,PD66718,dnahyb,PD66718_pta0120_dnahyb_run51611.bam
PD66718_pta0122_dnahyb_run51611,PD66718,dnahyb,PD66718_pta0122_dnahyb_run51611.bam
PD66718_pta0123_dnahyb_run51611,PD66718,dnahyb,PD66718_pta0123_dnahyb_run51611.bam
PD66718_pta0126_dnahyb_run51611,PD66718,dnahyb,PD66718_pta0126_dnahyb_run51611.bam
PD66718_pta0127_dnahyb_run51611,PD66718,dnahyb,PD66718_pta0127_dnahyb_run51611.bam
PD66718_pta0128_dnahyb_run51611,PD66718,dnahyb,PD66718_pta0128_dnahyb_run51611.bam
PD66718_pta0129_dnahyb_run51611,PD66718,dnahyb,PD66718_pta0129_dnahyb_run51611.bam
PD66718_pta0130_dnahyb_run51611,PD66718,dnahyb,PD66718_pta0130_dnahyb_run51611.bam
PD66718_pta0131_dnahyb_run51611,PD66718,dnahyb,PD66718_pta0131_dnahyb_run51611.bam
PD66718_pta0133_dnahyb_run51611,PD66718,dnahyb,PD66718_pta0133_dnahyb_run51611.bam
PD66718_pta0134_dnahyb_run51611,PD66718,dnahyb,PD66718_pta0134_dnahyb_run51611.bam
PD66718_pta0136_dnahyb_run51611,PD66718,dnahyb,PD66718_pta0136_dnahyb_run51611.bam
PD66718_pta0137_dnahyb_run51611,PD66718,dnahyb,PD66718_pta0137_dnahyb_run51611.bam
PD66718_pta0138_dnahyb_run51611,PD66718,dnahyb,PD66718_pta0138_dnahyb_run51611.bam
PD66718_pta0139_dnahyb_run51611,PD66718,dnahyb,PD66718_pta0139_dnahyb_run51611.bam
PD66718_pta0140_dnahyb_run51611,PD66718,dnahyb,PD66718_pta0140_dnahyb_run51611.bam
PD66718_pta0141_dnahyb_run51611,PD66718,dnahyb,PD66718_pta0141_dnahyb_run51611.bam
PD66718_pta0142_dnahyb_run51611,PD66718,dnahyb,PD66718_pta0142_dnahyb_run51611.bam
PD66718_pta0143_dnahyb_run51611,PD66718,dnahyb,PD66718_pta0143_dnahyb_run51611.bam
PD66718_pta0144_dnahyb_run51611,PD66718,dnahyb,PD66718_pta0144_dnahyb_run51611.bam
PD66718_pta0145_dnahyb_run51611,PD66718,dnahyb,PD66718_pta0145_dnahyb_run51611.bam
PD66718_pta0146_dnahyb_run51611,PD66718,dnahyb,PD66718_pta0146_dnahyb_run51611.bam
PD66718_pta0147_dnahyb_run51611,PD66718,dnahyb,PD66718_pta0147_dnahyb_run51611.bam
PD66718_pta0148_dnahyb_run51611,PD66718,dnahyb,PD66718_pta0148_dnahyb_run51611.bam
PD66718_pta0149_dnahyb_run51611,PD66718,dnahyb,PD66718_pta0149_dnahyb_run51611.bam
PD66718_pta0150_dnahyb_run51611,PD66718,dnahyb,PD66718_pta0150_dnahyb_run51611.bam
PD66718_pta0151_dnahyb_run51611,PD66718,dnahyb,PD66718_pta0151_dnahyb_run51611.bam
PD66718_pta0152_dnahyb_run51611,PD66718,dnahyb,PD66718_pta0152_dnahyb_run51611.bam
PD66718_pta0153_dnahyb_run51611,PD66718,dnahyb,PD66718_pta0153_dnahyb_run51611.bam
PD66718_pta0154_dnahyb_run51611,PD66718,dnahyb,PD66718_pta0154_dnahyb_run51611.bam
PD66718_pta0155_dnahyb_run51611,PD66718,dnahyb,PD66718_pta0155_dnahyb_run51611.bam
PD66718_pta0156_dnahyb_run51611,PD66718,dnahyb,PD66718_pta0156_dnahyb_run51611.bam
PD66718_pta0157_dnahyb_run51611,PD66718,dnahyb,PD66718_pta0157_dnahyb_run51611.bam
PD66718_pta0158_dnahyb_run51611,PD66718,dnahyb,PD66718_pta0158_dnahyb_run51611.bam
PD66718_pta0161_dnahyb_run51611,PD66718,dnahyb,PD66718_pta0161_dnahyb_run51611.bam
PD66718_pta0162_dnahyb_run51611,PD66718,dnahyb,PD66718_pta0162_dnahyb_run51611.bam
PD66718_pta0163_dnahyb_run51611,PD66718,dnahyb,PD66718_pta0163_dnahyb_run51611.bam
PD66718_pta0165_dnahyb_run51611,PD66718,dnahyb,PD66718_pta0165_dnahyb_run51611.bam
PD66718_pta0166_dnahyb_run51611,PD66718,dnahyb,PD66718_pta0166_dnahyb_run51611.bam
PD66718_pta0167_dnahyb_run51611,PD66718,dnahyb,PD66718_pta0167_dnahyb_run51611.bam
PD66718_pta0169_dnahyb_run51611,PD66718,dnahyb,PD66718_pta0169_dnahyb_run51611.bam
PD66718_pta0170_dnahyb_run51611,PD66718,dnahyb,PD66718_pta0170_dnahyb_run51611.bam
PD66718_pta0171_dnahyb_run51611,PD66718,dnahyb,PD66718_pta0171_dnahyb_run51611.bam
PD66718_pta0174_dnahyb_run51611,PD66718,dnahyb,PD66718_pta0174_dnahyb_run51611.bam
PD66718_pta0175_dnahyb_run51611,PD66718,dnahyb,PD66718_pta0175_dnahyb_run51611.bam
PD66718_pta0176_dnahyb_run51611,PD66718,dnahyb,PD66718_pta0176_dnahyb_run51611.bam
PD66718_pta0177_dnahyb_run51611,PD66718,dnahyb,PD66718_pta0177_dnahyb_run51611.bam
PD66718_pta0178_dnahyb_run51611,PD66718,dnahyb,PD66718_pta0178_dnahyb_run51611.bam
PD66718_pta0179_dnahyb_run51611,PD66718,dnahyb,PD66718_pta0179_dnahyb_run51611.bam
PD66718_pta0180_dnahyb_run51611,PD66718,dnahyb,PD66718_pta0180_dnahyb_run51611.bam
PD66718_pta0181_dnahyb_run51611,PD66718,dnahyb,PD66718_pta0181_dnahyb_run51611.bam
PD66718_pta0182_dnahyb_run51611,PD66718,dnahyb,PD66718_pta0182_dnahyb_run51611.bam
PD66718_pta0183_dnahyb_run51611,PD66718,dnahyb,PD66718_pta0183_dnahyb_run51611.bam
PD66718_pta0184_dnahyb_run51611,PD66718,dnahyb,PD66718_pta0184_dnahyb_run51611.bam
PD66718_pta0186_dnahyb_run51611,PD66718,dnahyb,PD66718_pta0186_dnahyb_run51611.bam
plate10_wellA10_dna_run50382,PD63118,dna,plate10_wellA10_dna_run50382.bam
plate10_wellA10_dnahyb_run50227,PD63118,dnahyb,plate10_wellA10_dnahyb_run50227.bam
plate10_wellA10_rna_run50227,PD63118,rna,plate10_wellA10_rna_run50227.bam
plate10_wellA11_dna_run50382,PD63118,dna,plate10_wellA11_dna_run50382.bam
plate10_wellA11_dnahyb_run50227,PD63118,dnahyb,plate10_wellA11_dnahyb_run50227.bam
plate10_wellA11_rna_run50227,PD63118,rna,plate10_wellA11_rna_run50227.bam
plate10_wellA12_dna_run50382,PD63118,dna,plate10_wellA12_dna_run50382.bam
plate10_wellA12_dnahyb_run50227,PD63118,dnahyb,plate10_wellA12_dnahyb_run50227.bam
plate10_wellA12_rna_run50227,PD63118,rna,plate10_wellA12_rna_run50227.bam
plate10_wellA2_dna_run50382,PD63118,dna,plate10_wellA2_dna_run50382.bam
plate10_wellA2_dnahyb_run50227,PD63118,dnahyb,plate10_wellA2_dnahyb_run50227.bam
plate10_wellA2_rna_run50227,PD63118,rna,plate10_wellA2_rna_run50227.bam
plate10_wellA3_dnahyb_run50227,PD63118,dnahyb,plate10_wellA3_dnahyb_run50227.bam
plate10_wellA3_rna_run50227,PD63118,rna,plate10_wellA3_rna_run50227.bam
plate10_wellA4_dna_run50382,PD63118,dna,plate10_wellA4_dna_run50382.bam
plate10_wellA4_dnahyb_run50227,PD63118,dnahyb,plate10_wellA4_dnahyb_run50227.bam
plate10_wellA4_rna_run50227,PD63118,rna,plate10_wellA4_rna_run50227.bam
plate10_wellA6_dnahyb_run50227,PD63118,dnahyb,plate10_wellA6_dnahyb_run50227.bam
plate10_wellA6_rna_run50227,PD63118,rna,plate10_wellA6_rna_run50227.bam
plate10_wellA7_dna_run50382,PD63118,dna,plate10_wellA7_dna_run50382.bam
plate10_wellA7_dnahyb_run50227,PD63118,dnahyb,plate10_wellA7_dnahyb_run50227.bam
plate10_wellA7_rna_run50227,PD63118,rna,plate10_wellA7_rna_run50227.bam
plate10_wellA8_dna_run50382,PD63118,dna,plate10_wellA8_dna_run50382.bam
plate10_wellA8_dnahyb_run50227,PD63118,dnahyb,plate10_wellA8_dnahyb_run50227.bam
plate10_wellA8_rna_run50227,PD63118,rna,plate10_wellA8_rna_run50227.bam
plate10_wellA9_dna_run50382,PD63118,dna,plate10_wellA9_dna_run50382.bam
plate10_wellA9_dnahyb_run50227,PD63118,dnahyb,plate10_wellA9_dnahyb_run50227.bam
plate10_wellA9_rna_run50227,PD63118,rna,plate10_wellA9_rna_run50227.bam
plate10_wellB10_dna_run50382,PD63118,dna,plate10_wellB10_dna_run50382.bam
plate10_wellB10_dnahyb_run50227,PD63118,dnahyb,plate10_wellB10_dnahyb_run50227.bam
plate10_wellB10_rna_run50227,PD63118,rna,plate10_wellB10_rna_run50227.bam
plate10_wellB11_dna_run50382,PD63118,dna,plate10_wellB11_dna_run50382.bam
plate10_wellB11_dnahyb_run50227,PD63118,dnahyb,plate10_wellB11_dnahyb_run50227.bam
plate10_wellB11_rna_run50227,PD63118,rna,plate10_wellB11_rna_run50227.bam
plate10_wellB12_dnahyb_run50227,PD63118,dnahyb,plate10_wellB12_dnahyb_run50227.bam
plate10_wellB12_rna_run50227,PD63118,rna,plate10_wellB12_rna_run50227.bam
plate10_wellB2_dnahyb_run50227,PD63118,dnahyb,plate10_wellB2_dnahyb_run50227.bam
plate10_wellB2_rna_run50227,PD63118,rna,plate10_wellB2_rna_run50227.bam
plate10_wellB3_dnahyb_run50227,PD63118,dnahyb,plate10_wellB3_dnahyb_run50227.bam
plate10_wellB3_rna_run50227,PD63118,rna,plate10_wellB3_rna_run50227.bam
plate10_wellB6_dna_run50382,PD63118,dna,plate10_wellB6_dna_run50382.bam
plate10_wellB6_dnahyb_run50227,PD63118,dnahyb,plate10_wellB6_dnahyb_run50227.bam
plate10_wellB6_rna_run50227,PD63118,rna,plate10_wellB6_rna_run50227.bam
plate10_wellB7_dnahyb_run50227,PD63118,dnahyb,plate10_wellB7_dnahyb_run50227.bam
plate10_wellB7_rna_run50227,PD63118,rna,plate10_wellB7_rna_run50227.bam
plate10_wellB8_dnahyb_run50227,PD63118,dnahyb,plate10_wellB8_dnahyb_run50227.bam
plate10_wellB8_rna_run50227,PD63118,rna,plate10_wellB8_rna_run50227.bam
plate10_wellB9_dna_run50382,PD63118,dna,plate10_wellB9_dna_run50382.bam
plate10_wellB9_dnahyb_run50227,PD63118,dnahyb,plate10_wellB9_dnahyb_run50227.bam
plate10_wellB9_rna_run50227,PD63118,rna,plate10_wellB9_rna_run50227.bam
plate10_wellC10_dnahyb_run50227,PD63118,dnahyb,plate10_wellC10_dnahyb_run50227.bam
plate10_wellC10_rna_run50227,PD63118,rna,plate10_wellC10_rna_run50227.bam
plate10_wellC11_dnahyb_run50227,PD63118,dnahyb,plate10_wellC11_dnahyb_run50227.bam
plate10_wellC11_rna_run50227,PD63118,rna,plate10_wellC11_rna_run50227.bam
plate10_wellC12_dna_run50382,PD63118,dna,plate10_wellC12_dna_run50382.bam
plate10_wellC12_dnahyb_run50227,PD63118,dnahyb,plate10_wellC12_dnahyb_run50227.bam
plate10_wellC12_rna_run50227,PD63118,rna,plate10_wellC12_rna_run50227.bam
plate10_wellC2_dnahyb_run50227,PD63118,dnahyb,plate10_wellC2_dnahyb_run50227.bam
plate10_wellC2_rna_run50227,PD63118,rna,plate10_wellC2_rna_run50227.bam
plate10_wellC3_dna_run50382,PD63118,dna,plate10_wellC3_dna_run50382.bam
plate10_wellC3_dnahyb_run50227,PD63118,dnahyb,plate10_wellC3_dnahyb_run50227.bam
plate10_wellC3_rna_run50227,PD63118,rna,plate10_wellC3_rna_run50227.bam
plate10_wellC5_dnahyb_run50227,PD63118,dnahyb,plate10_wellC5_dnahyb_run50227.bam
plate10_wellC5_rna_run50227,PD63118,rna,plate10_wellC5_rna_run50227.bam
plate10_wellC6_dna_run50382,PD63118,dna,plate10_wellC6_dna_run50382.bam
plate10_wellC6_dnahyb_run50227,PD63118,dnahyb,plate10_wellC6_dnahyb_run50227.bam
plate10_wellC6_rna_run50227,PD63118,rna,plate10_wellC6_rna_run50227.bam
plate10_wellC7_dna_run50382,PD63118,dna,plate10_wellC7_dna_run50382.bam
plate10_wellC7_dnahyb_run50227,PD63118,dnahyb,plate10_wellC7_dnahyb_run50227.bam
plate10_wellC7_rna_run50227,PD63118,rna,plate10_wellC7_rna_run50227.bam
plate10_wellC8_dna_run50382,PD63118,dna,plate10_wellC8_dna_run50382.bam
plate10_wellC8_dnahyb_run50227,PD63118,dnahyb,plate10_wellC8_dnahyb_run50227.bam
plate10_wellC8_rna_run50227,PD63118,rna,plate10_wellC8_rna_run50227.bam
plate10_wellC9_dna_run50382,PD63118,dna,plate10_wellC9_dna_run50382.bam
plate10_wellC9_dnahyb_run50227,PD63118,dnahyb,plate10_wellC9_dnahyb_run50227.bam
plate10_wellC9_rna_run50227,PD63118,rna,plate10_wellC9_rna_run50227.bam
plate10_wellD10_dnahyb_run50227,PD63118,dnahyb,plate10_wellD10_dnahyb_run50227.bam
plate10_wellD10_rna_run50227,PD63118,rna,plate10_wellD10_rna_run50227.bam
plate10_wellD11_dnahyb_run50227,PD63118,dnahyb,plate10_wellD11_dnahyb_run50227.bam
plate10_wellD11_rna_run50227,PD63118,rna,plate10_wellD11_rna_run50227.bam
plate10_wellD12_dnahyb_run50227,PD63118,dnahyb,plate10_wellD12_dnahyb_run50227.bam
plate10_wellD12_rna_run50227,PD63118,rna,plate10_wellD12_rna_run50227.bam
plate10_wellD2_dna_run50382,PD63118,dna,plate10_wellD2_dna_run50382.bam
plate10_wellD2_dnahyb_run50227,PD63118,dnahyb,plate10_wellD2_dnahyb_run50227.bam
plate10_wellD2_rna_run50227,PD63118,rna,plate10_wellD2_rna_run50227.bam
plate10_wellD3_dna_run50382,PD63118,dna,plate10_wellD3_dna_run50382.bam
plate10_wellD3_dnahyb_run50227,PD63118,dnahyb,plate10_wellD3_dnahyb_run50227.bam
plate10_wellD3_rna_run50227,PD63118,rna,plate10_wellD3_rna_run50227.bam
plate10_wellD4_dnahyb_run50227,PD63118,dnahyb,plate10_wellD4_dnahyb_run50227.bam
plate10_wellD4_rna_run50227,PD63118,rna,plate10_wellD4_rna_run50227.bam
plate10_wellD5_dnahyb_run50227,PD63118,dnahyb,plate10_wellD5_dnahyb_run50227.bam
plate10_wellD5_rna_run50227,PD63118,rna,plate10_wellD5_rna_run50227.bam
plate10_wellD6_dna_run50382,PD63118,dna,plate10_wellD6_dna_run50382.bam
plate10_wellD6_dnahyb_run50227,PD63118,dnahyb,plate10_wellD6_dnahyb_run50227.bam
plate10_wellD6_rna_run50227,PD63118,rna,plate10_wellD6_rna_run50227.bam
plate10_wellD7_dna_run50382,PD63118,dna,plate10_wellD7_dna_run50382.bam
plate10_wellD7_dnahyb_run50227,PD63118,dnahyb,plate10_wellD7_dnahyb_run50227.bam
plate10_wellD7_rna_run50227,PD63118,rna,plate10_wellD7_rna_run50227.bam
plate10_wellD9_dna_run50382,PD63118,dna,plate10_wellD9_dna_run50382.bam
plate10_wellD9_dnahyb_run50227,PD63118,dnahyb,plate10_wellD9_dnahyb_run50227.bam
plate10_wellD9_rna_run50227,PD63118,rna,plate10_wellD9_rna_run50227.bam
plate10_wellE10_dna_run50382,PD63118,dna,plate10_wellE10_dna_run50382.bam
plate10_wellE10_dnahyb_run50227,PD63118,dnahyb,plate10_wellE10_dnahyb_run50227.bam
plate10_wellE10_rna_run50227,PD63118,rna,plate10_wellE10_rna_run50227.bam
plate10_wellE12_dnahyb_run50227,PD63118,dnahyb,plate10_wellE12_dnahyb_run50227.bam
plate10_wellE12_rna_run50227,PD63118,rna,plate10_wellE12_rna_run50227.bam
plate10_wellE2_dnahyb_run50227,PD63118,dnahyb,plate10_wellE2_dnahyb_run50227.bam
plate10_wellE2_rna_run50227,PD63118,rna,plate10_wellE2_rna_run50227.bam
plate10_wellE4_dna_run50382,PD63118,dna,plate10_wellE4_dna_run50382.bam
plate10_wellE4_dnahyb_run50227,PD63118,dnahyb,plate10_wellE4_dnahyb_run50227.bam
plate10_wellE4_rna_run50227,PD63118,rna,plate10_wellE4_rna_run50227.bam
plate10_wellE5_dnahyb_run50227,PD63118,dnahyb,plate10_wellE5_dnahyb_run50227.bam
plate10_wellE5_rna_run50227,PD63118,rna,plate10_wellE5_rna_run50227.bam
plate10_wellE6_dna_run50382,PD63118,dna,plate10_wellE6_dna_run50382.bam
plate10_wellE6_dnahyb_run50227,PD63118,dnahyb,plate10_wellE6_dnahyb_run50227.bam
plate10_wellE6_rna_run50227,PD63118,rna,plate10_wellE6_rna_run50227.bam
plate10_wellE7_dna_run50382,PD63118,dna,plate10_wellE7_dna_run50382.bam
plate10_wellE7_dnahyb_run50227,PD63118,dnahyb,plate10_wellE7_dnahyb_run50227.bam
plate10_wellE7_rna_run50227,PD63118,rna,plate10_wellE7_rna_run50227.bam
plate10_wellE8_dna_run50382,PD63118,dna,plate10_wellE8_dna_run50382.bam
plate10_wellE8_dnahyb_run50227,PD63118,dnahyb,plate10_wellE8_dnahyb_run50227.bam
plate10_wellE8_rna_run50227,PD63118,rna,plate10_wellE8_rna_run50227.bam
plate10_wellF10_dnahyb_run50227,PD63118,dnahyb,plate10_wellF10_dnahyb_run50227.bam
plate10_wellF10_rna_run50227,PD63118,rna,plate10_wellF10_rna_run50227.bam
plate10_wellF11_dnahyb_run50227,PD63118,dnahyb,plate10_wellF11_dnahyb_run50227.bam
plate10_wellF11_rna_run50227,PD63118,rna,plate10_wellF11_rna_run50227.bam
plate10_wellF12_dna_run50382,PD63118,dna,plate10_wellF12_dna_run50382.bam
plate10_wellF12_dnahyb_run50227,PD63118,dnahyb,plate10_wellF12_dnahyb_run50227.bam
plate10_wellF12_rna_run50227,PD63118,rna,plate10_wellF12_rna_run50227.bam
plate10_wellF2_dna_run50382,PD63118,dna,plate10_wellF2_dna_run50382.bam
plate10_wellF2_dnahyb_run50227,PD63118,dnahyb,plate10_wellF2_dnahyb_run50227.bam
plate10_wellF2_rna_run50227,PD63118,rna,plate10_wellF2_rna_run50227.bam
plate10_wellF3_dna_run50382,PD63118,dna,plate10_wellF3_dna_run50382.bam
plate10_wellF3_dnahyb_run50227,PD63118,dnahyb,plate10_wellF3_dnahyb_run50227.bam
plate10_wellF3_rna_run50227,PD63118,rna,plate10_wellF3_rna_run50227.bam
plate10_wellF4_dnahyb_run50227,PD63118,dnahyb,plate10_wellF4_dnahyb_run50227.bam
plate10_wellF4_rna_run50227,PD63118,rna,plate10_wellF4_rna_run50227.bam
plate10_wellF5_dna_run50382,PD63118,dna,plate10_wellF5_dna_run50382.bam
plate10_wellF5_dnahyb_run50227,PD63118,dnahyb,plate10_wellF5_dnahyb_run50227.bam
plate10_wellF5_rna_run50227,PD63118,rna,plate10_wellF5_rna_run50227.bam
plate10_wellF6_dna_run50382,PD63118,dna,plate10_wellF6_dna_run50382.bam
plate10_wellF6_dnahyb_run50227,PD63118,dnahyb,plate10_wellF6_dnahyb_run50227.bam
plate10_wellF6_rna_run50227,PD63118,rna,plate10_wellF6_rna_run50227.bam
plate10_wellF7_dna_run50382,PD63118,dna,plate10_wellF7_dna_run50382.bam
plate10_wellF7_dnahyb_run50227,PD63118,dnahyb,plate10_wellF7_dnahyb_run50227.bam
plate10_wellF7_rna_run50227,PD63118,rna,plate10_wellF7_rna_run50227.bam
plate10_wellF8_dna_run50382,PD63118,dna,plate10_wellF8_dna_run50382.bam
plate10_wellF8_dnahyb_run50227,PD63118,dnahyb,plate10_wellF8_dnahyb_run50227.bam
plate10_wellF8_rna_run50227,PD63118,rna,plate10_wellF8_rna_run50227.bam
plate10_wellF9_dna_run50382,PD63118,dna,plate10_wellF9_dna_run50382.bam
plate10_wellF9_dnahyb_run50227,PD63118,dnahyb,plate10_wellF9_dnahyb_run50227.bam
plate10_wellF9_rna_run50227,PD63118,rna,plate10_wellF9_rna_run50227.bam
plate10_wellG10_dna_run50382,PD63118,dna,plate10_wellG10_dna_run50382.bam
plate10_wellG10_dnahyb_run50227,PD63118,dnahyb,plate10_wellG10_dnahyb_run50227.bam
plate10_wellG10_rna_run50227,PD63118,rna,plate10_wellG10_rna_run50227.bam
plate10_wellG11_dnahyb_run50227,PD63118,dnahyb,plate10_wellG11_dnahyb_run50227.bam
plate10_wellG11_rna_run50227,PD63118,rna,plate10_wellG11_rna_run50227.bam
plate10_wellG12_dna_run50382,PD63118,dna,plate10_wellG12_dna_run50382.bam
plate10_wellG12_dnahyb_run50227,PD63118,dnahyb,plate10_wellG12_dnahyb_run50227.bam
plate10_wellG12_rna_run50227,PD63118,rna,plate10_wellG12_rna_run50227.bam
plate10_wellG2_dna_run50382,PD63118,dna,plate10_wellG2_dna_run50382.bam
plate10_wellG2_dnahyb_run50227,PD63118,dnahyb,plate10_wellG2_dnahyb_run50227.bam
plate10_wellG2_rna_run50227,PD63118,rna,plate10_wellG2_rna_run50227.bam
plate10_wellG3_dna_run50382,PD63118,dna,plate10_wellG3_dna_run50382.bam
plate10_wellG3_dnahyb_run50227,PD63118,dnahyb,plate10_wellG3_dnahyb_run50227.bam
plate10_wellG3_rna_run50227,PD63118,rna,plate10_wellG3_rna_run50227.bam
plate10_wellG4_dna_run50382,PD63118,dna,plate10_wellG4_dna_run50382.bam
plate10_wellG4_dnahyb_run50227,PD63118,dnahyb,plate10_wellG4_dnahyb_run50227.bam
plate10_wellG4_rna_run50227,PD63118,rna,plate10_wellG4_rna_run50227.bam
plate10_wellG5_dnahyb_run50227,PD63118,dnahyb,plate10_wellG5_dnahyb_run50227.bam
plate10_wellG5_rna_run50227,PD63118,rna,plate10_wellG5_rna_run50227.bam
plate10_wellG8_dnahyb_run50227,PD63118,dnahyb,plate10_wellG8_dnahyb_run50227.bam
plate10_wellG8_rna_run50227,PD63118,rna,plate10_wellG8_rna_run50227.bam
plate10_wellG9_dna_run50382,PD63118,dna,plate10_wellG9_dna_run50382.bam
plate10_wellG9_dnahyb_run50227,PD63118,dnahyb,plate10_wellG9_dnahyb_run50227.bam
plate10_wellG9_rna_run50227,PD63118,rna,plate10_wellG9_rna_run50227.bam
plate10_wellH10_dna_run50382,PD63118,dna,plate10_wellH10_dna_run50382.bam
plate10_wellH10_dnahyb_run50227,PD63118,dnahyb,plate10_wellH10_dnahyb_run50227.bam
plate10_wellH10_rna_run50227,PD63118,rna,plate10_wellH10_rna_run50227.bam
plate10_wellH11_dna_run50382,PD63118,dna,plate10_wellH11_dna_run50382.bam
plate10_wellH11_dnahyb_run50227,PD63118,dnahyb,plate10_wellH11_dnahyb_run50227.bam
plate10_wellH11_rna_run50227,PD63118,rna,plate10_wellH11_rna_run50227.bam
plate10_wellH12_dna_run50382,PD63118,dna,plate10_wellH12_dna_run50382.bam
plate10_wellH12_dnahyb_run50227,PD63118,dnahyb,plate10_wellH12_dnahyb_run50227.bam
plate10_wellH12_rna_run50227,PD63118,rna,plate10_wellH12_rna_run50227.bam
plate10_wellH3_dna_run50382,PD63118,dna,plate10_wellH3_dna_run50382.bam
plate10_wellH3_dnahyb_run50227,PD63118,dnahyb,plate10_wellH3_dnahyb_run50227.bam
plate10_wellH3_rna_run50227,PD63118,rna,plate10_wellH3_rna_run50227.bam
plate10_wellH4_dna_run50382,PD63118,dna,plate10_wellH4_dna_run50382.bam
plate10_wellH4_dnahyb_run50227,PD63118,dnahyb,plate10_wellH4_dnahyb_run50227.bam
plate10_wellH4_rna_run50227,PD63118,rna,plate10_wellH4_rna_run50227.bam
plate10_wellH5_dna_run50382,PD63118,dna,plate10_wellH5_dna_run50382.bam
plate10_wellH5_dnahyb_run50227,PD63118,dnahyb,plate10_wellH5_dnahyb_run50227.bam
plate10_wellH5_rna_run50227,PD63118,rna,plate10_wellH5_rna_run50227.bam
plate10_wellH7_dna_run50382,PD63118,dna,plate10_wellH7_dna_run50382.bam
plate10_wellH7_dnahyb_run50227,PD63118,dnahyb,plate10_wellH7_dnahyb_run50227.bam
plate10_wellH7_rna_run50227,PD63118,rna,plate10_wellH7_rna_run50227.bam
plate10_wellH8_dnahyb_run50227,PD63118,dnahyb,plate10_wellH8_dnahyb_run50227.bam
plate10_wellH8_rna_run50227,PD63118,rna,plate10_wellH8_rna_run50227.bam
plate11_wellA11_dnahyb_run50367,PD66718,dnahyb,plate11_wellA11_dnahyb_run50367.bam
plate11_wellA2_dnahyb_run50367,PD66718,dnahyb,plate11_wellA2_dnahyb_run50367.bam
plate11_wellA3_dnahyb_run50367,PD66718,dnahyb,plate11_wellA3_dnahyb_run50367.bam
plate11_wellA6_dnahyb_run50367,PD66718,dnahyb,plate11_wellA6_dnahyb_run50367.bam
plate11_wellA7_dnahyb_run50367,PD66718,dnahyb,plate11_wellA7_dnahyb_run50367.bam
plate11_wellA8_dnahyb_run50367,PD66718,dnahyb,plate11_wellA8_dnahyb_run50367.bam
plate11_wellB11_dnahyb_run50367,PD66718,dnahyb,plate11_wellB11_dnahyb_run50367.bam
plate11_wellB12_dnahyb_run50367,PD66718,dnahyb,plate11_wellB12_dnahyb_run50367.bam
plate11_wellB4_dnahyb_run50367,PD66718,dnahyb,plate11_wellB4_dnahyb_run50367.bam
plate11_wellB6_dnahyb_run50367,PD66718,dnahyb,plate11_wellB6_dnahyb_run50367.bam
plate11_wellB7_dnahyb_run50367,PD66718,dnahyb,plate11_wellB7_dnahyb_run50367.bam
plate11_wellB8_dnahyb_run50367,PD66718,dnahyb,plate11_wellB8_dnahyb_run50367.bam
plate11_wellB9_dnahyb_run50367,PD66718,dnahyb,plate11_wellB9_dnahyb_run50367.bam
plate11_wellC10_dnahyb_run50367,PD66718,dnahyb,plate11_wellC10_dnahyb_run50367.bam
plate11_wellC12_dnahyb_run50367,PD66718,dnahyb,plate11_wellC12_dnahyb_run50367.bam
plate11_wellC2_dnahyb_run50367,PD66718,dnahyb,plate11_wellC2_dnahyb_run50367.bam
plate11_wellC4_dnahyb_run50367,PD66718,dnahyb,plate11_wellC4_dnahyb_run50367.bam
plate11_wellC5_dnahyb_run50367,PD66718,dnahyb,plate11_wellC5_dnahyb_run50367.bam
plate11_wellC6_dnahyb_run50367,PD66718,dnahyb,plate11_wellC6_dnahyb_run50367.bam
plate11_wellC7_dnahyb_run50367,PD66718,dnahyb,plate11_wellC7_dnahyb_run50367.bam
plate11_wellC9_dnahyb_run50367,PD66718,dnahyb,plate11_wellC9_dnahyb_run50367.bam
plate11_wellD10_dnahyb_run50367,PD66718,dnahyb,plate11_wellD10_dnahyb_run50367.bam
plate11_wellD11_dnahyb_run50367,PD66718,dnahyb,plate11_wellD11_dnahyb_run50367.bam
plate11_wellD12_dnahyb_run50367,PD66718,dnahyb,plate11_wellD12_dnahyb_run50367.bam
plate11_wellD2_dnahyb_run50367,PD66718,dnahyb,plate11_wellD2_dnahyb_run50367.bam
plate11_wellD4_dnahyb_run50367,PD66718,dnahyb,plate11_wellD4_dnahyb_run50367.bam
plate11_wellD5_dnahyb_run50367,PD66718,dnahyb,plate11_wellD5_dnahyb_run50367.bam
plate11_wellD6_dnahyb_run50367,PD66718,dnahyb,plate11_wellD6_dnahyb_run50367.bam
plate11_wellD7_dnahyb_run50367,PD66718,dnahyb,plate11_wellD7_dnahyb_run50367.bam
plate11_wellD9_dnahyb_run50367,PD66718,dnahyb,plate11_wellD9_dnahyb_run50367.bam
plate11_wellE10_dnahyb_run50367,PD66718,dnahyb,plate11_wellE10_dnahyb_run50367.bam
plate11_wellE4_dnahyb_run50367,PD66718,dnahyb,plate11_wellE4_dnahyb_run50367.bam
plate11_wellE7_dnahyb_run50367,PD66718,dnahyb,plate11_wellE7_dnahyb_run50367.bam
plate11_wellE8_dnahyb_run50367,PD66718,dnahyb,plate11_wellE8_dnahyb_run50367.bam
plate11_wellF10_dnahyb_run50367,PD66718,dnahyb,plate11_wellF10_dnahyb_run50367.bam
plate11_wellF11_dnahyb_run50367,PD66718,dnahyb,plate11_wellF11_dnahyb_run50367.bam
plate11_wellF12_dnahyb_run50367,PD66718,dnahyb,plate11_wellF12_dnahyb_run50367.bam
plate11_wellF2_dnahyb_run50367,PD66718,dnahyb,plate11_wellF2_dnahyb_run50367.bam
plate11_wellF3_dnahyb_run50367,PD66718,dnahyb,plate11_wellF3_dnahyb_run50367.bam
plate11_wellF6_dnahyb_run50367,PD66718,dnahyb,plate11_wellF6_dnahyb_run50367.bam
plate11_wellF7_dnahyb_run50367,PD66718,dnahyb,plate11_wellF7_dnahyb_run50367.bam
plate11_wellF8_dnahyb_run50367,PD66718,dnahyb,plate11_wellF8_dnahyb_run50367.bam
plate11_wellF9_dnahyb_run50367,PD66718,dnahyb,plate11_wellF9_dnahyb_run50367.bam
plate11_wellG12_dnahyb_run50367,PD66718,dnahyb,plate11_wellG12_dnahyb_run50367.bam
plate11_wellG2_dnahyb_run50367,PD66718,dnahyb,plate11_wellG2_dnahyb_run50367.bam
plate11_wellG4_dnahyb_run50367,PD66718,dnahyb,plate11_wellG4_dnahyb_run50367.bam
plate11_wellG8_dnahyb_run50367,PD66718,dnahyb,plate11_wellG8_dnahyb_run50367.bam
plate11_wellG9_dnahyb_run50367,PD66718,dnahyb,plate11_wellG9_dnahyb_run50367.bam
plate11_wellH10_dnahyb_run50367,PD66718,dnahyb,plate11_wellH10_dnahyb_run50367.bam
plate11_wellH11_dnahyb_run50367,PD66718,dnahyb,plate11_wellH11_dnahyb_run50367.bam
plate11_wellH12_dnahyb_run50367,PD66718,dnahyb,plate11_wellH12_dnahyb_run50367.bam
plate11_wellH4_dnahyb_run50367,PD66718,dnahyb,plate11_wellH4_dnahyb_run50367.bam
plate11_wellH5_dnahyb_run50367,PD66718,dnahyb,plate11_wellH5_dnahyb_run50367.bam
plate11_wellH6_dnahyb_run50367,PD66718,dnahyb,plate11_wellH6_dnahyb_run50367.bam
plate11_wellH7_dnahyb_run50367,PD66718,dnahyb,plate11_wellH7_dnahyb_run50367.bam
plate11_wellH8_dnahyb_run50367,PD66718,dnahyb,plate11_wellH8_dnahyb_run50367.bam
plate11_wellH9_dnahyb_run50367,PD66718,dnahyb,plate11_wellH9_dnahyb_run50367.bam
plate3_wellA12_dna_run49882,PD63118,dna,plate3_wellA12_dna_run49882.bam
plate3_wellA12_dnahyb_run49900,PD63118,dnahyb,plate3_wellA12_dnahyb_run49900.bam
plate3_wellA12_rna_merged,PD63118,rna,plate3_wellA12_rna_merged.bam
plate3_wellA2_dna_run49882,PD63118,dna,plate3_wellA2_dna_run49882.bam
plate3_wellA2_dnahyb_run49900,PD63118,dnahyb,plate3_wellA2_dnahyb_run49900.bam
plate3_wellA2_rna_merged,PD63118,rna,plate3_wellA2_rna_merged.bam
plate3_wellA3_dna_run49882,PD63118,dna,plate3_wellA3_dna_run49882.bam
plate3_wellA3_dnahyb_run49900,PD63118,dnahyb,plate3_wellA3_dnahyb_run49900.bam
plate3_wellA3_rna_merged,PD63118,rna,plate3_wellA3_rna_merged.bam
plate3_wellA4_dna_run49882,PD63118,dna,plate3_wellA4_dna_run49882.bam
plate3_wellA4_dnahyb_run49900,PD63118,dnahyb,plate3_wellA4_dnahyb_run49900.bam
plate3_wellA4_rna_merged,PD63118,rna,plate3_wellA4_rna_merged.bam
plate3_wellA5_dna_run49882,PD63118,dna,plate3_wellA5_dna_run49882.bam
plate3_wellA5_dnahyb_run49900,PD63118,dnahyb,plate3_wellA5_dnahyb_run49900.bam
plate3_wellA5_rna_merged,PD63118,rna,plate3_wellA5_rna_merged.bam
plate3_wellA7_dna_run49882,PD63118,dna,plate3_wellA7_dna_run49882.bam
plate3_wellA7_dnahyb_run49900,PD63118,dnahyb,plate3_wellA7_dnahyb_run49900.bam
plate3_wellA7_rna_merged,PD63118,rna,plate3_wellA7_rna_merged.bam
plate3_wellA9_dna_run49882,PD63118,dna,plate3_wellA9_dna_run49882.bam
plate3_wellA9_dnahyb_run49900,PD63118,dnahyb,plate3_wellA9_dnahyb_run49900.bam
plate3_wellA9_rna_merged,PD63118,rna,plate3_wellA9_rna_merged.bam
plate3_wellB10_dna_run49882,PD63118,dna,plate3_wellB10_dna_run49882.bam
plate3_wellB10_dnahyb_run49900,PD63118,dnahyb,plate3_wellB10_dnahyb_run49900.bam
plate3_wellB10_rna_merged,PD63118,rna,plate3_wellB10_rna_merged.bam
plate3_wellB12_dna_run49882,PD63118,dna,plate3_wellB12_dna_run49882.bam
plate3_wellB12_dnahyb_run49900,PD63118,dnahyb,plate3_wellB12_dnahyb_run49900.bam
plate3_wellB12_rna_merged,PD63118,rna,plate3_wellB12_rna_merged.bam
plate3_wellB2_dna_run49882,PD63118,dna,plate3_wellB2_dna_run49882.bam
plate3_wellB2_dnahyb_run49900,PD63118,dnahyb,plate3_wellB2_dnahyb_run49900.bam
plate3_wellB2_rna_merged,PD63118,rna,plate3_wellB2_rna_merged.bam
plate3_wellB3_dna_run49882,PD63118,dna,plate3_wellB3_dna_run49882.bam
plate3_wellB3_dnahyb_run49900,PD63118,dnahyb,plate3_wellB3_dnahyb_run49900.bam
plate3_wellB3_rna_merged,PD63118,rna,plate3_wellB3_rna_merged.bam
plate3_wellB4_dna_run49882,PD63118,dna,plate3_wellB4_dna_run49882.bam
plate3_wellB4_dnahyb_run49900,PD63118,dnahyb,plate3_wellB4_dnahyb_run49900.bam
plate3_wellB4_rna_merged,PD63118,rna,plate3_wellB4_rna_merged.bam
plate3_wellC10_dna_run49882,PD63118,dna,plate3_wellC10_dna_run49882.bam
plate3_wellC10_dnahyb_run49900,PD63118,dnahyb,plate3_wellC10_dnahyb_run49900.bam
plate3_wellC10_rna_merged,PD63118,rna,plate3_wellC10_rna_merged.bam
plate3_wellC11_dna_run49882,PD63118,dna,plate3_wellC11_dna_run49882.bam
plate3_wellC11_dnahyb_run49900,PD63118,dnahyb,plate3_wellC11_dnahyb_run49900.bam
plate3_wellC11_rna_merged,PD63118,rna,plate3_wellC11_rna_merged.bam
plate3_wellC12_dna_run49882,PD63118,dna,plate3_wellC12_dna_run49882.bam
plate3_wellC12_dnahyb_run49900,PD63118,dnahyb,plate3_wellC12_dnahyb_run49900.bam
plate3_wellC12_rna_merged,PD63118,rna,plate3_wellC12_rna_merged.bam
plate3_wellC5_dna_run49882,PD63118,dna,plate3_wellC5_dna_run49882.bam
plate3_wellC5_dnahyb_run49900,PD63118,dnahyb,plate3_wellC5_dnahyb_run49900.bam
plate3_wellC5_rna_merged,PD63118,rna,plate3_wellC5_rna_merged.bam
plate3_wellC8_dna_run49882,PD63118,dna,plate3_wellC8_dna_run49882.bam
plate3_wellC8_dnahyb_run49900,PD63118,dnahyb,plate3_wellC8_dnahyb_run49900.bam
plate3_wellC8_rna_merged,PD63118,rna,plate3_wellC8_rna_merged.bam
plate3_wellD11_dna_run49882,PD63118,dna,plate3_wellD11_dna_run49882.bam
plate3_wellD11_dnahyb_run49900,PD63118,dnahyb,plate3_wellD11_dnahyb_run49900.bam
plate3_wellD11_rna_merged,PD63118,rna,plate3_wellD11_rna_merged.bam
plate3_wellD12_dna_run49882,PD63118,dna,plate3_wellD12_dna_run49882.bam
plate3_wellD12_dnahyb_run49900,PD63118,dnahyb,plate3_wellD12_dnahyb_run49900.bam
plate3_wellD12_rna_merged,PD63118,rna,plate3_wellD12_rna_merged.bam
plate3_wellD2_dna_run49882,PD63118,dna,plate3_wellD2_dna_run49882.bam
plate3_wellD2_dnahyb_run49900,PD63118,dnahyb,plate3_wellD2_dnahyb_run49900.bam
plate3_wellD2_rna_merged,PD63118,rna,plate3_wellD2_rna_merged.bam
plate3_wellD4_dna_run49882,PD63118,dna,plate3_wellD4_dna_run49882.bam
plate3_wellD4_dnahyb_run49900,PD63118,dnahyb,plate3_wellD4_dnahyb_run49900.bam
plate3_wellD4_rna_merged,PD63118,rna,plate3_wellD4_rna_merged.bam
plate3_wellD7_dna_run49882,PD63118,dna,plate3_wellD7_dna_run49882.bam
plate3_wellD7_dnahyb_run49900,PD63118,dnahyb,plate3_wellD7_dnahyb_run49900.bam
plate3_wellD7_rna_merged,PD63118,rna,plate3_wellD7_rna_merged.bam
plate3_wellD9_dna_run49882,PD63118,dna,plate3_wellD9_dna_run49882.bam
plate3_wellD9_dnahyb_run49900,PD63118,dnahyb,plate3_wellD9_dnahyb_run49900.bam
plate3_wellD9_rna_merged,PD63118,rna,plate3_wellD9_rna_merged.bam
plate3_wellE10_dna_run49882,PD63118,dna,plate3_wellE10_dna_run49882.bam
plate3_wellE10_dnahyb_run49900,PD63118,dnahyb,plate3_wellE10_dnahyb_run49900.bam
plate3_wellE10_rna_merged,PD63118,rna,plate3_wellE10_rna_merged.bam
plate3_wellE11_dna_run49882,PD63118,dna,plate3_wellE11_dna_run49882.bam
plate3_wellE11_dnahyb_run49900,PD63118,dnahyb,plate3_wellE11_dnahyb_run49900.bam
plate3_wellE11_rna_merged,PD63118,rna,plate3_wellE11_rna_merged.bam
plate3_wellE7_dna_run49882,PD63118,dna,plate3_wellE7_dna_run49882.bam
plate3_wellE7_dnahyb_run49900,PD63118,dnahyb,plate3_wellE7_dnahyb_run49900.bam
plate3_wellE7_rna_merged,PD63118,rna,plate3_wellE7_rna_merged.bam
plate3_wellE9_dna_run49882,PD63118,dna,plate3_wellE9_dna_run49882.bam
plate3_wellE9_dnahyb_run49900,PD63118,dnahyb,plate3_wellE9_dnahyb_run49900.bam
plate3_wellE9_rna_merged,PD63118,rna,plate3_wellE9_rna_merged.bam
plate3_wellF11_dna_run49882,PD63118,dna,plate3_wellF11_dna_run49882.bam
plate3_wellF11_dnahyb_run49900,PD63118,dnahyb,plate3_wellF11_dnahyb_run49900.bam
plate3_wellF11_rna_merged,PD63118,rna,plate3_wellF11_rna_merged.bam
plate3_wellF12_dna_run49882,PD63118,dna,plate3_wellF12_dna_run49882.bam
plate3_wellF12_dnahyb_run49900,PD63118,dnahyb,plate3_wellF12_dnahyb_run49900.bam
plate3_wellF12_rna_merged,PD63118,rna,plate3_wellF12_rna_merged.bam
plate3_wellF2_dna_run49882,PD63118,dna,plate3_wellF2_dna_run49882.bam
plate3_wellF2_dnahyb_run49900,PD63118,dnahyb,plate3_wellF2_dnahyb_run49900.bam
plate3_wellF2_rna_merged,PD63118,rna,plate3_wellF2_rna_merged.bam
plate3_wellF3_dna_run49882,PD63118,dna,plate3_wellF3_dna_run49882.bam
plate3_wellF3_dnahyb_run49900,PD63118,dnahyb,plate3_wellF3_dnahyb_run49900.bam
plate3_wellF3_rna_merged,PD63118,rna,plate3_wellF3_rna_merged.bam
plate3_wellF6_dna_run49882,PD63118,dna,plate3_wellF6_dna_run49882.bam
plate3_wellF6_dnahyb_run49900,PD63118,dnahyb,plate3_wellF6_dnahyb_run49900.bam
plate3_wellF6_rna_merged,PD63118,rna,plate3_wellF6_rna_merged.bam
plate3_wellF7_dna_run49882,PD63118,dna,plate3_wellF7_dna_run49882.bam
plate3_wellF7_dnahyb_run49900,PD63118,dnahyb,plate3_wellF7_dnahyb_run49900.bam
plate3_wellF7_rna_merged,PD63118,rna,plate3_wellF7_rna_merged.bam
plate3_wellF8_dna_run49882,PD63118,dna,plate3_wellF8_dna_run49882.bam
plate3_wellF8_dnahyb_run49900,PD63118,dnahyb,plate3_wellF8_dnahyb_run49900.bam
plate3_wellF8_rna_merged,PD63118,rna,plate3_wellF8_rna_merged.bam
plate3_wellH2_dna_run49882,PD63118,dna,plate3_wellH2_dna_run49882.bam
plate3_wellH2_dnahyb_run49900,PD63118,dnahyb,plate3_wellH2_dnahyb_run49900.bam
plate3_wellH2_rna_merged,PD63118,rna,plate3_wellH2_rna_merged.bam
plate3_wellH5_dna_run49882,PD63118,dna,plate3_wellH5_dna_run49882.bam
plate3_wellH5_dnahyb_run49900,PD63118,dnahyb,plate3_wellH5_dnahyb_run49900.bam
plate3_wellH5_rna_merged,PD63118,rna,plate3_wellH5_rna_merged.bam
plate3_wellH6_dna_run49882,PD63118,dna,plate3_wellH6_dna_run49882.bam
plate3_wellH6_dnahyb_run49900,PD63118,dnahyb,plate3_wellH6_dnahyb_run49900.bam
plate3_wellH6_rna_merged,PD63118,rna,plate3_wellH6_rna_merged.bam
